0   ,0
1   ,10
2   ,0
3   ,10
4   ,0
5   ,10
6   ,0
7   ,9
8   ,0
9   ,8
10  ,0
11  ,9
12  ,0
13  ,11
14  ,0
15  ,11
16  ,0
17  ,7
18  ,0
19  ,10
20  ,0
21  ,10
22  ,0
23  ,10
24  ,0
25  ,7
26  ,0
27  ,10
28  ,0
29  ,10
30  ,0
31  ,9
32  ,0
33  ,9
34  ,0
35  ,7
36  ,0
37  ,10
38  ,0
39  ,9
40  ,0
41  ,9
42  ,0
43  ,8
44  ,0
45  ,9
46  ,0
47  ,8
48  ,0
49  ,10
50  ,0
51  ,10
52  ,0
53  ,8
54  ,0
55  ,9
56  ,0
57  ,10
58  ,0
59  ,10
60  ,0
61  ,8
62  ,0
63  ,9
64  ,0
65  ,9
66  ,0
67  ,9
68  ,0
69  ,11
70  ,0
71  ,11
72  ,0
73  ,10
74  ,0
75  ,9
76  ,0
77  ,12
78  ,0
79  ,10
80  ,0
81  ,10
82  ,0
83  ,10
84  ,0
85  ,12
86  ,0
87  ,10
88  ,0
89  ,11
90  ,0
91  ,10
92  ,0
93  ,11
94  ,0
95  ,13
96  ,0
97  ,10
98  ,0
99  ,11
100 ,0
101 ,10
102 ,0
103 ,10
104 ,0
105 ,11
106 ,0
107 ,12
108 ,0
109 ,8
110 ,0
111 ,10
112 ,0
113 ,12
114 ,0
115 ,10
116 ,0
117 ,9
118 ,0
119 ,9
120 ,0
121 ,12
122 ,0
123 ,11
124 ,0
125 ,11
126 ,0
127 ,10
128 ,0
129 ,10
130 ,0
131 ,11
132 ,0
133 ,10
134 ,0
135 ,11
136 ,0
137 ,11
138 ,0
139 ,11
140 ,0
141 ,10
142 ,0
143 ,12
144 ,0
145 ,8
146 ,0
147 ,9
148 ,0
149 ,9
150 ,0
151 ,11
152 ,0
153 ,9
154 ,0
155 ,9
156 ,0
157 ,11
158 ,0
159 ,10
160 ,0
161 ,11
162 ,0
163 ,9
164 ,0
165 ,12
166 ,0
167 ,11
168 ,0
169 ,12
170 ,0
171 ,12
172 ,0
173 ,12
174 ,0
175 ,11
176 ,0
177 ,12
178 ,0
179 ,13
180 ,0
181 ,9
182 ,0
183 ,11
184 ,0
185 ,10
186 ,0
187 ,14
188 ,0
189 ,12
190 ,0
191 ,11
192 ,0
193 ,11
194 ,0
195 ,12
196 ,0
197 ,12
198 ,0
199 ,12
200 ,0
201 ,11
202 ,0
203 ,11
204 ,0
205 ,13
206 ,0
207 ,11
208 ,0
209 ,13
210 ,0
211 ,11
212 ,0
213 ,11
214 ,0
215 ,11
216 ,0
217 ,11
218 ,0
219 ,9
220 ,0
221 ,10
222 ,0
223 ,12
224 ,0
225 ,12
226 ,0
227 ,12
228 ,0
229 ,10
230 ,0
231 ,12
232 ,0
233 ,10
234 ,0
235 ,11
236 ,0
237 ,11
238 ,0
239 ,12
240 ,0
241 ,12
242 ,0
243 ,12
244 ,0
245 ,13
246 ,0
247 ,9
248 ,0
249 ,11
250 ,0
251 ,10
252 ,0
253 ,12
254 ,0
255 ,11
256 ,0
257 ,10
258 ,0
259 ,12
260 ,0
261 ,12
262 ,0
263 ,11
264 ,0
265 ,11
266 ,0
267 ,12
268 ,0
269 ,11
270 ,0
271 ,12
272 ,0
273 ,10
274 ,0
275 ,11
276 ,0
277 ,11
278 ,0
279 ,11
280 ,0
281 ,11
282 ,0
283 ,10
284 ,0
285 ,10
286 ,0
287 ,9
288 ,0
289 ,11
290 ,0
291 ,9
292 ,0
293 ,10
294 ,0
295 ,11
296 ,0
297 ,13
298 ,0
299 ,12
300 ,0
301 ,13
302 ,0
303 ,11
304 ,0
305 ,12
306 ,0
307 ,12
308 ,0
309 ,11
310 ,0
311 ,11
312 ,0
313 ,10
314 ,0
315 ,11
316 ,0
317 ,11
318 ,0
319 ,11
320 ,0
321 ,10
322 ,0
323 ,11
324 ,0
325 ,13
326 ,0
327 ,11
328 ,0
329 ,11
330 ,0
331 ,10
332 ,0
333 ,13
334 ,0
335 ,11
336 ,0
337 ,11
338 ,0
339 ,10
340 ,0
341 ,10
342 ,0
343 ,11
344 ,0
345 ,11
346 ,0
347 ,9
348 ,0
349 ,9
350 ,0
351 ,11
352 ,0
353 ,10
354 ,0
355 ,12
356 ,0
357 ,10
358 ,0
359 ,11
360 ,0
361 ,13
362 ,0
363 ,13
364 ,0
365 ,11
366 ,0
367 ,11
368 ,0
369 ,13
370 ,0
371 ,10
372 ,0
373 ,11
374 ,0
375 ,10
376 ,0
377 ,11
378 ,0
379 ,12
380 ,0
381 ,12
382 ,0
383 ,11
384 ,0
385 ,10
386 ,0
387 ,11
388 ,0
389 ,11
390 ,0
391 ,11
392 ,0
393 ,10
394 ,0
395 ,12
396 ,0
397 ,12
398 ,0
399 ,14
400 ,0
401 ,11
402 ,0
403 ,12
404 ,0
405 ,12
406 ,0
407 ,13
408 ,0
409 ,13
410 ,0
411 ,11
412 ,0
413 ,12
414 ,0
415 ,11
416 ,0
417 ,13
418 ,0
419 ,10
420 ,0
421 ,10
422 ,0
423 ,11
424 ,0
425 ,11
426 ,0
427 ,11
428 ,0
429 ,11
430 ,0
431 ,11
432 ,0
433 ,11
434 ,0
435 ,14
436 ,0
437 ,11
438 ,0
439 ,11
440 ,0
441 ,11
442 ,0
443 ,12
444 ,0
445 ,11
446 ,0
447 ,12
448 ,0
449 ,12
450 ,0
451 ,12
452 ,0
453 ,12
454 ,0
455 ,11
456 ,0
457 ,12
458 ,0
459 ,10
460 ,0
461 ,14
462 ,0
463 ,13
464 ,0
465 ,14
466 ,0
467 ,10
468 ,0
469 ,11
470 ,0
471 ,14
472 ,0
473 ,11
474 ,0
475 ,11
476 ,0
477 ,11
478 ,0
479 ,13
480 ,0
481 ,11
482 ,0
483 ,13
484 ,0
485 ,10
486 ,0
487 ,11
488 ,0
489 ,11
490 ,0
491 ,14
492 ,0
493 ,12
494 ,0
495 ,12
496 ,0
497 ,13
498 ,0
499 ,13
500 ,0
501 ,14
502 ,0
503 ,12
504 ,0
505 ,12
506 ,0
507 ,12
508 ,0
509 ,12
510 ,0
511 ,11
512 ,0
513 ,12
514 ,0
515 ,12
516 ,0
517 ,12
518 ,0
519 ,11
520 ,0
521 ,11
522 ,0
523 ,10
524 ,0
525 ,9
526 ,0
527 ,13
528 ,0
529 ,11
530 ,0
531 ,11
532 ,0
533 ,10
534 ,0
535 ,13
536 ,0
537 ,13
538 ,0
539 ,11
540 ,0
541 ,12
542 ,0
543 ,12
544 ,0
545 ,13
546 ,0
547 ,10
548 ,0
549 ,12
550 ,0
551 ,10
552 ,0
553 ,12
554 ,0
555 ,11
556 ,0
557 ,12
558 ,0
559 ,10
560 ,0
561 ,9
562 ,0
563 ,12
564 ,0
565 ,10
566 ,0
567 ,11
568 ,0
569 ,10
570 ,0
571 ,13
572 ,0
573 ,13
574 ,0
575 ,11
576 ,0
577 ,11
578 ,0
579 ,12
580 ,0
581 ,13
582 ,0
583 ,12
584 ,0
585 ,13
586 ,0
587 ,10
588 ,0
589 ,12
590 ,0
591 ,12
592 ,0
593 ,15
594 ,0
595 ,12
596 ,0
597 ,11
598 ,0
599 ,14
600 ,0
601 ,15
602 ,0
603 ,14
604 ,0
605 ,12
606 ,0
607 ,13
608 ,0
609 ,12
610 ,0
611 ,14
612 ,0
613 ,12
614 ,0
615 ,13
616 ,0
617 ,12
618 ,0
619 ,14
620 ,0
621 ,11
622 ,0
623 ,11
624 ,0
625 ,10
626 ,0
627 ,12
628 ,0
629 ,14
630 ,0
631 ,14
632 ,0
633 ,11
634 ,0
635 ,13
636 ,0
637 ,14
638 ,0
639 ,12
640 ,0
641 ,13
642 ,0
643 ,12
644 ,0
645 ,13
646 ,0
647 ,13
648 ,0
649 ,12
650 ,0
651 ,13
652 ,0
653 ,10
654 ,0
655 ,14
656 ,0
657 ,11
658 ,0
659 ,11
660 ,0
661 ,12
662 ,0
663 ,11
664 ,0
665 ,13
666 ,0
667 ,13
668 ,0
669 ,12
670 ,0
671 ,12
672 ,0
673 ,16
674 ,0
675 ,12
676 ,0
677 ,12
678 ,0
679 ,13
680 ,0
681 ,14
682 ,0
683 ,13
684 ,0
685 ,15
686 ,0
687 ,13
688 ,0
689 ,12
690 ,0
691 ,13
692 ,0
693 ,14
694 ,0
695 ,13
696 ,0
697 ,11
698 ,0
699 ,12
700 ,0
701 ,13
702 ,0
703 ,12
704 ,0
705 ,11
706 ,0
707 ,12
708 ,0
709 ,14
710 ,0
711 ,12
712 ,0
713 ,13
714 ,0
715 ,11
716 ,0
717 ,14
718 ,0
719 ,11
720 ,0
721 ,13
722 ,0
723 ,13
724 ,0
725 ,10
726 ,0
727 ,13
728 ,0
729 ,12
730 ,0
731 ,13
732 ,0
733 ,11
734 ,0
735 ,12
736 ,0
737 ,13
738 ,0
739 ,14
740 ,0
741 ,12
742 ,0
743 ,12
744 ,0
745 ,14
746 ,0
747 ,13
748 ,0
749 ,12
750 ,0
751 ,11
752 ,0
753 ,12
754 ,0
755 ,11
756 ,0
757 ,13
758 ,0
759 ,11
760 ,0
761 ,11
762 ,0
763 ,10
764 ,0
765 ,13
766 ,0
767 ,10
768 ,0
769 ,11
770 ,0
771 ,12
772 ,0
773 ,12
774 ,0
775 ,14
776 ,0
777 ,11
778 ,0
779 ,13
780 ,0
781 ,11
782 ,0
783 ,12
784 ,0
785 ,11
786 ,0
787 ,12
788 ,0
789 ,11
790 ,0
791 ,11
792 ,0
793 ,12
794 ,0
795 ,12
796 ,0
797 ,12
798 ,0
799 ,10
800 ,0
801 ,13
802 ,0
803 ,12
804 ,0
805 ,13
806 ,0
807 ,12
808 ,0
809 ,12
810 ,0
811 ,15
812 ,0
813 ,12
814 ,0
815 ,12
816 ,0
817 ,10
818 ,0
819 ,13
820 ,0
821 ,12
822 ,0
823 ,12
824 ,0
825 ,11
826 ,0
827 ,10
828 ,0
829 ,10
830 ,0
831 ,12
832 ,0
833 ,11
834 ,0
835 ,10
836 ,0
837 ,12
838 ,0
839 ,11
840 ,0
841 ,12
842 ,0
843 ,10
844 ,0
845 ,11
846 ,0
847 ,10
848 ,0
849 ,11
850 ,0
851 ,9
852 ,0
853 ,10
854 ,0
855 ,8
856 ,0
857 ,8
858 ,0
859 ,9
860 ,0
861 ,6
862 ,0
863 ,5
864 ,0
865 ,4
866 ,0
867 ,6
868 ,0
869 ,4
870 ,0
871 ,1
872 ,0
873 ,1
874 ,0
875 ,2
876 ,0
877 ,0
878 ,0
879 ,-3
880 ,0
881 ,-3
882 ,0
883 ,-6
884 ,0
885 ,-3
886 ,0
887 ,-7
888 ,0
889 ,-7
890 ,0
891 ,-10
892 ,0
893 ,-9
894 ,0
895 ,-13
896 ,0
897 ,-12
898 ,0
899 ,-15
900 ,0
901 ,-17
902 ,0
903 ,-16
904 ,0
905 ,-19
906 ,0
907 ,-20
908 ,0
909 ,-22
910 ,0
911 ,-21
912 ,0
913 ,-23
914 ,0
915 ,-25
916 ,0
917 ,-26
918 ,0
919 ,-28
920 ,0
921 ,-27
922 ,0
923 ,-30
924 ,0
925 ,-32
926 ,0
927 ,-34
928 ,0
929 ,-34
930 ,0
931 ,-36
932 ,0
933 ,-38
934 ,0
935 ,-39
936 ,0
937 ,-42
938 ,0
939 ,-41
940 ,0
941 ,-45
942 ,0
943 ,-44
944 ,0
945 ,-48
946 ,0
947 ,-49
948 ,0
949 ,-47
950 ,0
951 ,-49
952 ,0
953 ,-52
954 ,0
955 ,-54
956 ,0
957 ,-53
958 ,0
959 ,-55
960 ,0
961 ,-56
962 ,0
963 ,-56
964 ,0
965 ,-58
966 ,0
967 ,-57
968 ,0
969 ,-59
970 ,0
971 ,-61
972 ,0
973 ,-62
974 ,0
975 ,-61
976 ,0
977 ,-62
978 ,0
979 ,-63
980 ,0
981 ,-63
982 ,0
983 ,-65
984 ,0
985 ,-63
986 ,0
987 ,-67
988 ,0
989 ,-66
990 ,0
991 ,-65
992 ,0
993 ,-68
994 ,0
995 ,-66
996 ,0
997 ,-68
998 ,0
999 ,-67
1000,0
1001,-69
1002,0
1003,-68
1004,0
1005,-67
1006,0
1007,-67
1008,0
1009,-69
1010,0
1011,-70
1012,0
1013,-66
1014,0
1015,-68
1016,0
1017,-69
1018,0
1019,-68
1020,0
1021,-67
1022,0
1023,-64
1024,0
1025,-66
1026,0
1027,-67
1028,0
1029,-67
1030,0
1031,-66
1032,0
1033,-65
1034,0
1035,-67
1036,0
1037,-65
1038,0
1039,-66
1040,0
1041,-65
1042,0
1043,-66
1044,0
1045,-65
1046,0
1047,-64
1048,0
1049,-64
1050,0
1051,-62
1052,0
1053,-62
1054,0
1055,-62
1056,0
1057,-61
1058,0
1059,-60
1060,0
1061,-58
1062,0
1063,-59
1064,0
1065,-58
1066,0
1067,-58
1068,0
1069,-54
1070,0
1071,-54
1072,0
1073,-54
1074,0
1075,-51
1076,0
1077,-50
1078,0
1079,-48
1080,0
1081,-50
1082,0
1083,-49
1084,0
1085,-47
1086,0
1087,-46
1088,0
1089,-45
1090,0
1091,-45
1092,0
1093,-43
1094,0
1095,-44
1096,0
1097,-40
1098,0
1099,-41
1100,0
1101,-41
1102,0
1103,-40
1104,0
1105,-39
1106,0
1107,-37
1108,0
1109,-36
1110,0
1111,-34
1112,0
1113,-34
1114,0
1115,-30
1116,0
1117,-32
1118,0
1119,-33
1120,0
1121,-30
1122,0
1123,-29
1124,0
1125,-28
1126,0
1127,-30
1128,0
1129,-28
1130,0
1131,-28
1132,0
1133,-26
1134,0
1135,-28
1136,0
1137,-27
1138,0
1139,-26
1140,0
1141,-27
1142,0
1143,-25
1144,0
1145,-25
1146,0
1147,-27
1148,0
1149,-26
1150,0
1151,-24
1152,0
1153,-24
1154,0
1155,-24
1156,0
1157,-25
1158,0
1159,-24
1160,0
1161,-22
1162,0
1163,-25
1164,0
1165,-25
1166,0
1167,-26
1168,0
1169,-25
1170,0
1171,-26
1172,0
1173,-26
1174,0
1175,-25
1176,0
1177,-28
1178,0
1179,-27
1180,0
1181,-28
1182,0
1183,-28
1184,0
1185,-30
1186,0
1187,-29
1188,0
1189,-29
1190,0
1191,-29
1192,0
1193,-31
1194,0
1195,-33
1196,0
1197,-30
1198,0
1199,-32
1200,0
1201,-33
1202,0
1203,-35
1204,0
1205,-34
1206,0
1207,-32
1208,0
1209,-35
1210,0
1211,-36
1212,0
1213,-37
1214,0
1215,-34
1216,0
1217,-38
1218,0
1219,-39
1220,0
1221,-40
1222,0
1223,-41
1224,0
1225,-42
1226,0
1227,-44
1228,0
1229,-43
1230,0
1231,-45
1232,0
1233,-44
1234,0
1235,-46
1236,0
1237,-47
1238,0
1239,-47
1240,0
1241,-50
1242,0
1243,-47
1244,0
1245,-51
1246,0
1247,-51
1248,0
1249,-53
1250,0
1251,-51
1252,0
1253,-52
1254,0
1255,-54
1256,0
1257,-54
1258,0
1259,-56
1260,0
1261,-53
1262,0
1263,-55
1264,0
1265,-56
1266,0
1267,-57
1268,0
1269,-57
1270,0
1271,-57
1272,0
1273,-58
1274,0
1275,-59
1276,0
1277,-59
1278,0
1279,-60
1280,0
1281,-62
1282,0
1283,-61
1284,0
1285,-61
1286,0
1287,-63
1288,0
1289,-62
1290,0
1291,-62
1292,0
1293,-63
1294,0
1295,-63
1296,0
1297,-65
1298,0
1299,-62
1300,0
1301,-64
1302,0
1303,-65
1304,0
1305,-64
1306,0
1307,-62
1308,0
1309,-62
1310,0
1311,-64
1312,0
1313,-65
1314,0
1315,-64
1316,0
1317,-61
1318,0
1319,-63
1320,0
1321,-64
1322,0
1323,-63
1324,0
1325,-61
1326,0
1327,-63
1328,0
1329,-64
1330,0
1331,-64
1332,0
1333,-62
1334,0
1335,-62
1336,0
1337,-64
1338,0
1339,-64
1340,0
1341,-64
1342,0
1343,-65
1344,0
1345,-62
1346,0
1347,-64
1348,0
1349,-66
1350,0
1351,-64
1352,0
1353,-62
1354,0
1355,-61
1356,0
1357,-61
1358,0
1359,-63
1360,0
1361,-63
1362,0
1363,-60
1364,0
1365,-60
1366,0
1367,-60
1368,0
1369,-60
1370,0
1371,-61
1372,0
1373,-58
1374,0
1375,-60
1376,0
1377,-59
1378,0
1379,-59
1380,0
1381,-57
1382,0
1383,-58
1384,0
1385,-58
1386,0
1387,-57
1388,0
1389,-57
1390,0
1391,-55
1392,0
1393,-57
1394,0
1395,-57
1396,0
1397,-54
1398,0
1399,-55
1400,0
1401,-53
1402,0
1403,-54
1404,0
1405,-54
1406,0
1407,-52
1408,0
1409,-50
1410,0
1411,-51
1412,0
1413,-52
1414,0
1415,-51
1416,0
1417,-50
1418,0
1419,-47
1420,0
1421,-50
1422,0
1423,-49
1424,0
1425,-47
1426,0
1427,-47
1428,0
1429,-47
1430,0
1431,-48
1432,0
1433,-47
1434,0
1435,-46
1436,0
1437,-46
1438,0
1439,-47
1440,0
1441,-47
1442,0
1443,-45
1444,0
1445,-46
1446,0
1447,-45
1448,0
1449,-47
1450,0
1451,-47
1452,0
1453,-46
1454,0
1455,-45
1456,0
1457,-45
1458,0
1459,-45
1460,0
1461,-46
1462,0
1463,-46
1464,0
1465,-42
1466,0
1467,-45
1468,0
1469,-46
1470,0
1471,-44
1472,0
1473,-44
1474,0
1475,-43
1476,0
1477,-47
1478,0
1479,-46
1480,0
1481,-44
1482,0
1483,-45
1484,0
1485,-47
1486,0
1487,-47
1488,0
1489,-46
1490,0
1491,-47
1492,0
1493,-47
1494,0
1495,-48
1496,0
1497,-49
1498,0
1499,-47
1500,0
1501,-48
1502,0
1503,-47
1504,0
1505,-49
1506,0
1507,-49
1508,0
1509,-50
1510,0
1511,-46
1512,0
1513,-49
1514,0
1515,-51
1516,0
1517,-48
1518,0
1519,-51
1520,0
1521,-50
1522,0
1523,-51
1524,0
1525,-51
1526,0
1527,-51
1528,0
1529,-51
1530,0
1531,-54
1532,0
1533,-54
1534,0
1535,-53
1536,0
1537,-53
1538,0
1539,-53
1540,0
1541,-54
1542,0
1543,-56
1544,0
1545,-55
1546,0
1547,-57
1548,0
1549,-56
1550,0
1551,-57
1552,0
1553,-59
1554,0
1555,-59
1556,0
1557,-57
1558,0
1559,-59
1560,0
1561,-60
1562,0
1563,-58
1564,0
1565,-60
1566,0
1567,-59
1568,0
1569,-62
1570,0
1571,-62
1572,0
1573,-60
1574,0
1575,-61
1576,0
1577,-62
1578,0
1579,-64
1580,0
1581,-62
1582,0
1583,-61
1584,0
1585,-63
1586,0
1587,-64
1588,0
1589,-64
1590,0
1591,-62
1592,0
1593,-63
1594,0
1595,-63
1596,0
1597,-64
1598,0
1599,-63
1600,0
1601,-64
1602,0
1603,-64
1604,0
1605,-64
1606,0
1607,-64
1608,0
1609,-64
1610,0
1611,-65
1612,0
1613,-63
1614,0
1615,-64
1616,0
1617,-65
1618,0
1619,-62
1620,0
1621,-63
1622,0
1623,-63
1624,0
1625,-64
1626,0
1627,-63
1628,0
1629,-62
1630,0
1631,-63
1632,0
1633,-63
1634,0
1635,-64
1636,0
1637,-62
1638,0
1639,-61
1640,0
1641,-62
1642,0
1643,-62
1644,0
1645,-61
1646,0
1647,-60
1648,0
1649,-61
1650,0
1651,-61
1652,0
1653,-60
1654,0
1655,-59
1656,0
1657,-61
1658,0
1659,-61
1660,0
1661,-60
1662,0
1663,-62
1664,0
1665,-60
1666,0
1667,-61
1668,0
1669,-60
1670,0
1671,-61
1672,0
1673,-61
1674,0
1675,-60
1676,0
1677,-60
1678,0
1679,-59
1680,0
1681,-61
1682,0
1683,-60
1684,0
1685,-58
1686,0
1687,-58
1688,0
1689,-60
1690,0
1691,-60
1692,0
1693,-56
1694,0
1695,-58
1696,0
1697,-58
1698,0
1699,-58
1700,0
1701,-57
1702,0
1703,-56
1704,0
1705,-58
1706,0
1707,-58
1708,0
1709,-58
1710,0
1711,-57
1712,0
1713,-59
1714,0
1715,-58
1716,0
1717,-57
1718,0
1719,-58
1720,0
1721,-56
1722,0
1723,-56
1724,0
1725,-56
1726,0
1727,-57
1728,0
1729,-57
1730,0
1731,-55
1732,0
1733,-56
1734,0
1735,-57
1736,0
1737,-57
1738,0
1739,-54
1740,0
1741,-56
1742,0
1743,-56
1744,0
1745,-55
1746,0
1747,-56
1748,0
1749,-53
1750,0
1751,-57
1752,0
1753,-56
1754,0
1755,-57
1756,0
1757,-55
1758,0
1759,-56
1760,0
1761,-57
1762,0
1763,-55
1764,0
1765,-58
1766,0
1767,-55
1768,0
1769,-58
1770,0
1771,-58
1772,0
1773,-56
1774,0
1775,-59
1776,0
1777,-56
1778,0
1779,-56
1780,0
1781,-58
1782,0
1783,-58
1784,0
1785,-56
1786,0
1787,-57
1788,0
1789,-58
1790,0
1791,-58
1792,0
1793,-57
1794,0
1795,-55
1796,0
1797,-57
1798,0
1799,-59
1800,0
1801,-56
1802,0
1803,-57
1804,0
1805,-57
1806,0
1807,-57
1808,0
1809,-58
1810,0
1811,-57
1812,0
1813,-56
1814,0
1815,-58
1816,0
1817,-58
1818,0
1819,-58
1820,0
1821,-59
1822,0
1823,-58
1824,0
1825,-59
1826,0
1827,-61
1828,0
1829,-60
1830,0
1831,-60
1832,0
1833,-58
1834,0
1835,-60
1836,0
1837,-60
1838,0
1839,-61
1840,0
1841,-58
1842,0
1843,-59
1844,0
1845,-61
1846,0
1847,-61
1848,0
1849,-61
1850,0
1851,-60
1852,0
1853,-62
1854,0
1855,-62
1856,0
1857,-61
1858,0
1859,-62
1860,0
1861,-63
1862,0
1863,-64
1864,0
1865,-63
1866,0
1867,-62
1868,0
1869,-62
1870,0
1871,-64
1872,0
1873,-65
1874,0
1875,-63
1876,0
1877,-65
1878,0
1879,-64
1880,0
1881,-63
1882,0
1883,-66
1884,0
1885,-66
1886,0
1887,-64
1888,0
1889,-66
1890,0
1891,-67
1892,0
1893,-66
1894,0
1895,-66
1896,0
1897,-63
1898,0
1899,-65
1900,0
1901,-66
1902,0
1903,-64
1904,0
1905,-65
1906,0
1907,-64
1908,0
1909,-66
1910,0
1911,-65
1912,0
1913,-63
1914,0
1915,-65
1916,0
1917,-65
1918,0
1919,-66
1920,0
1921,-65
1922,0
1923,-64
1924,0
1925,-65
1926,0
1927,-66
1928,0
1929,-65
1930,0
1931,-65
1932,0
1933,-66
1934,0
1935,-66
1936,0
1937,-65
1938,0
1939,-67
1940,0
1941,-66
1942,0
1943,-65
1944,0
1945,-65
1946,0
1947,-66
1948,0
1949,-65
1950,0
1951,-65
1952,0
1953,-65
1954,0
1955,-66
1956,0
1957,-68
1958,0
1959,-63
1960,0
1961,-66
1962,0
1963,-65
1964,0
1965,-67
1966,0
1967,-65
1968,0
1969,-64
1970,0
1971,-65
1972,0
1973,-65
1974,0
1975,-65
1976,0
1977,-63
1978,0
1979,-64
1980,0
1981,-65
1982,0
1983,-65
1984,0
1985,-64
1986,0
1987,-63
1988,0
1989,-65
1990,0
1991,-65
1992,0
1993,-66
1994,0
1995,-64
1996,0
1997,-66
1998,0
1999,-65
2000,0
2001,-64
2002,0
2003,-66
2004,0
2005,-62
2006,0
2007,-63
2008,0
2009,-63
2010,0
2011,-63
2012,0
2013,-65
2014,0
2015,-61
2016,0
2017,-63
2018,0
2019,-64
2020,0
2021,-64
2022,0
2023,-62
2024,0
2025,-61
2026,0
2027,-62
2028,0
2029,-62
2030,0
2031,-62
2032,0
2033,-60
2034,0
2035,-61
2036,0
2037,-62
2038,0
2039,-62
2040,0
2041,-62
2042,0
2043,-61
2044,0
2045,-63
2046,0
2047,-61
2048,0
2049,-62
2050,0
2051,-61
2052,0
2053,-63
2054,0
2055,-62
2056,0
2057,-62
2058,0
2059,-64
2060,0
2061,-61
2062,0
2063,-63
2064,0
2065,-63
2066,0
2067,-64
2068,0
2069,-64
2070,0
2071,-62
2072,0
2073,-63
2074,0
2075,-66
2076,0
2077,-64
2078,0
2079,-60
2080,0
2081,-64
2082,0
2083,-64
2084,0
2085,-64
2086,0
2087,-63
2088,0
2089,-62
2090,0
2091,-64
2092,0
2093,-63
2094,0
2095,-62
2096,0
2097,-63
2098,0
2099,-63
2100,0
2101,-62
2102,0
2103,-63
2104,0
2105,-64
2106,0
2107,-62
2108,0
2109,-64
2110,0
2111,-64
2112,0
2113,-63
2114,0
2115,-64
2116,0
2117,-62
2118,0
2119,-63
2120,0
2121,-66
2122,0
2123,-65
2124,0
2125,-64
2126,0
2127,-64
2128,0
2129,-64
2130,0
2131,-65
2132,0
2133,-65
2134,0
2135,-62
2136,0
2137,-65
2138,0
2139,-65
2140,0
2141,-63
2142,0
2143,-64
2144,0
2145,-63
2146,0
2147,-66
2148,0
2149,-65
2150,0
2151,-63
2152,0
2153,-65
2154,0
2155,-66
2156,0
2157,-65
2158,0
2159,-64
2160,0
2161,-65
2162,0
2163,-63
2164,0
2165,-65
2166,0
2167,-66
2168,0
2169,-64
2170,0
2171,-65
2172,0
2173,-64
2174,0
2175,-65
2176,0
2177,-66
2178,0
2179,-66
2180,0
2181,-64
2182,0
2183,-65
2184,0
2185,-66
2186,0
2187,-67
2188,0
2189,-65
2190,0
2191,-64
2192,0
2193,-67
2194,0
2195,-67
2196,0
2197,-65
2198,0
2199,-66
2200,0
2201,-67
2202,0
2203,-67
2204,0
2205,-67
2206,0
2207,-65
2208,0
2209,-66
2210,0
2211,-68
2212,0
2213,-68
2214,0
2215,-67
2216,0
2217,-68
2218,0
2219,-67
2220,0
2221,-67
2222,0
2223,-69
2224,0
2225,-67
2226,0
2227,-69
2228,0
2229,-67
2230,0
2231,-68
2232,0
2233,-69
2234,0
2235,-69
2236,0
2237,-68
2238,0
2239,-68
2240,0
2241,-69
2242,0
2243,-68
2244,0
2245,-68
2246,0
2247,-68
2248,0
2249,-69
2250,0
2251,-70
2252,0
2253,-68
2254,0
2255,-70
2256,0
2257,-68
2258,0
2259,-71
2260,0
2261,-68
2262,0
2263,-68
2264,0
2265,-70
2266,0
2267,-70
2268,0
2269,-70
2270,0
2271,-67
2272,0
2273,-69
2274,0
2275,-69
2276,0
2277,-69
2278,0
2279,-71
2280,0
2281,-69
2282,0
2283,-70
2284,0
2285,-69
2286,0
2287,-69
2288,0
2289,-70
2290,0
2291,-68
2292,0
2293,-68
2294,0
2295,-68
2296,0
2297,-70
2298,0
2299,-67
2300,0
2301,-69
2302,0
2303,-70
2304,0
2305,-68
2306,0
2307,-70
2308,0
2309,-68
2310,0
2311,-70
2312,0
2313,-70
2314,0
2315,-71
2316,0
2317,-69
2318,0
2319,-68
2320,0
2321,-69
2322,0
2323,-71
2324,0
2325,-71
2326,0
2327,-67
2328,0
2329,-69
2330,0
2331,-71
2332,0
2333,-70
2334,0
2335,-69
2336,0
2337,-66
2338,0
2339,-67
2340,0
2341,-68
2342,0
2343,-68
2344,0
2345,-68
2346,0
2347,-67
2348,0
2349,-68
2350,0
2351,-67
2352,0
2353,-68
2354,0
2355,-65
2356,0
2357,-67
2358,0
2359,-67
2360,0
2361,-66
2362,0
2363,-68
2364,0
2365,-65
2366,0
2367,-68
2368,0
2369,-68
2370,0
2371,-66
2372,0
2373,-65
2374,0
2375,-64
2376,0
2377,-68
2378,0
2379,-67
2380,0
2381,-66
2382,0
2383,-65
2384,0
2385,-67
2386,0
2387,-67
2388,0
2389,-66
2390,0
2391,-67
2392,0
2393,-66
2394,0
2395,-67
2396,0
2397,-67
2398,0
2399,-65
2400,0
2401,-66
2402,0
2403,-67
2404,0
2405,-67
2406,0
2407,-66
2408,0
2409,-68
2410,0
2411,-65
2412,0
2413,-67
2414,0
2415,-68
2416,0
2417,-66
2418,0
2419,-67
2420,0
2421,-66
2422,0
2423,-67
2424,0
2425,-68
2426,0
2427,-68
2428,0
2429,-66
2430,0
2431,-68
2432,0
2433,-70
2434,0
2435,-68
2436,0
2437,-69
2438,0
2439,-67
2440,0
2441,-69
2442,0
2443,-68
2444,0
2445,-66
2446,0
2447,-68
2448,0
2449,-68
2450,0
2451,-68
2452,0
2453,-69
2454,0
2455,-67
2456,0
2457,-68
2458,0
2459,-68
2460,0
2461,-68
2462,0
2463,-69
2464,0
2465,-69
2466,0
2467,-67
2468,0
2469,-68
2470,0
2471,-70
2472,0
2473,-66
2474,0
2475,-68
2476,0
2477,-67
2478,0
2479,-70
2480,0
2481,-70
2482,0
2483,-69
2484,0
2485,-67
2486,0
2487,-69
2488,0
2489,-70
2490,0
2491,-69
2492,0
2493,-70
2494,0
2495,-68
2496,0
2497,-69
2498,0
2499,-70
2500,0
2501,-66
2502,0
2503,-70
2504,0
2505,-69
2506,0
2507,-69
2508,0
2509,-69
2510,0
2511,-68
2512,0
2513,-67
2514,0
2515,-69
2516,0
2517,-68
2518,0
2519,-68
2520,0
2521,-68
2522,0
2523,-68
2524,0
2525,-68
2526,0
2527,-70
2528,0
2529,-67
2530,0
2531,-68
2532,0
2533,-69
2534,0
2535,-68
2536,0
2537,-70
2538,0
2539,-68
2540,0
2541,-68
2542,0
2543,-70
2544,0
2545,-70
2546,0
2547,-69
2548,0
2549,-70
2550,0
2551,-69
2552,0
2553,-71
2554,0
2555,-71
2556,0
2557,-67
2558,0
2559,-70
2560,0
2561,-69
2562,0
2563,-69
2564,0
2565,-70
2566,0
2567,-68
2568,0
2569,-69
2570,0
2571,-69
2572,0
2573,-68
2574,0
2575,-69
2576,0
2577,-68
2578,0
2579,-69
2580,0
2581,-69
2582,0
2583,-71
2584,0
2585,-68
2586,0
2587,-70
2588,0
2589,-70
2590,0
2591,-70
2592,0
2593,-70
2594,0
2595,-69
2596,0
2597,-70
2598,0
2599,-71
2600,0
2601,-72
2602,0
2603,-70
2604,0
2605,-72
2606,0
2607,-71
2608,0
2609,-72
2610,0
2611,-73
2612,0
2613,-70
2614,0
2615,-70
2616,0
2617,-73
2618,0
2619,-71
2620,0
2621,-72
2622,0
2623,-70
2624,0
2625,-71
2626,0
2627,-71
2628,0
2629,-71
2630,0
2631,-70
2632,0
2633,-70
2634,0
2635,-71
2636,0
2637,-70
2638,0
2639,-69
2640,0
2641,-69
2642,0
2643,-70
2644,0
2645,-70
2646,0
2647,-69
2648,0
2649,-70
2650,0
2651,-69
2652,0
2653,-69
2654,0
2655,-69
2656,0
2657,-70
2658,0
2659,-68
2660,0
2661,-69
2662,0
2663,-69
2664,0
2665,-70
2666,0
2667,-70
2668,0
2669,-68
2670,0
2671,-68
2672,0
2673,-71
2674,0
2675,-68
2676,0
2677,-69
2678,0
2679,-68
2680,0
2681,-70
2682,0
2683,-68
2684,0
2685,-68
2686,0
2687,-68
2688,0
2689,-68
2690,0
2691,-70
2692,0
2693,-68
2694,0
2695,-68
2696,0
2697,-67
2698,0
2699,-68
2700,0
2701,-70
2702,0
2703,-67
2704,0
2705,-67
2706,0
2707,-67
2708,0
2709,-68
2710,0
2711,-67
2712,0
2713,-68
2714,0
2715,-68
2716,0
2717,-68
2718,0
2719,-70
2720,0
2721,-67
2722,0
2723,-68
2724,0
2725,-68
2726,0
2727,-68
2728,0
2729,-71
2730,0
2731,-68
2732,0
2733,-68
2734,0
2735,-69
2736,0
2737,-69
2738,0
2739,-70
2740,0
2741,-68
2742,0
2743,-69
2744,0
2745,-69
2746,0
2747,-70
2748,0
2749,-67
2750,0
2751,-68
2752,0
2753,-68
2754,0
2755,-69
2756,0
2757,-70
2758,0
2759,-68
2760,0
2761,-69
2762,0
2763,-67
2764,0
2765,-69
2766,0
2767,-69
2768,0
2769,-68
2770,0
2771,-69
2772,0
2773,-68
2774,0
2775,-69
2776,0
2777,-67
2778,0
2779,-69
2780,0
2781,-68
2782,0
2783,-68
2784,0
2785,-71
2786,0
2787,-68
2788,0
2789,-69
2790,0
2791,-71
2792,0
2793,-68
2794,0
2795,-69
2796,0
2797,-69
2798,0
2799,-69
2800,0
2801,-71
2802,0
2803,-71
2804,0
2805,-68
2806,0
2807,-70
2808,0
2809,-70
2810,0
2811,-70
2812,0
2813,-71
2814,0
2815,-69
2816,0
2817,-70
2818,0
2819,-69
2820,0
2821,-69
2822,0
2823,-69
2824,0
2825,-70
2826,0
2827,-70
2828,0
2829,-69
2830,0
2831,-70
2832,0
2833,-67
2834,0
2835,-70
2836,0
2837,-70
2838,0
2839,-70
2840,0
2841,-71
2842,0
2843,-70
2844,0
2845,-70
2846,0
2847,-71
2848,0
2849,-70
2850,0
2851,-70
2852,0
2853,-70
2854,0
2855,-71
2856,0
2857,-71
2858,0
2859,-71
2860,0
2861,-69
2862,0
2863,-71
2864,0
2865,-71
2866,0
2867,-70
2868,0
2869,-72
2870,0
2871,-69
2872,0
2873,-71
2874,0
2875,-71
2876,0
2877,-70
2878,0
2879,-71
2880,0
2881,-71
2882,0
2883,-72
2884,0
2885,-70
2886,0
2887,-71
2888,0
2889,-70
2890,0
2891,-71
2892,0
2893,-72
2894,0
2895,-70
2896,0
2897,-71
2898,0
2899,-70
2900,0
2901,-72
2902,0
2903,-73
2904,0
2905,-71
2906,0
2907,-71
2908,0
2909,-71
2910,0
2911,-72
2912,0
2913,-73
2914,0
2915,-71
2916,0
2917,-71
2918,0
2919,-71
2920,0
2921,-74
2922,0
2923,-71
2924,0
2925,-73
2926,0
2927,-71
2928,0
2929,-73
2930,0
2931,-72
2932,0
2933,-70
2934,0
2935,-72
2936,0
2937,-71
2938,0
2939,-72
2940,0
2941,-72
2942,0
2943,-69
2944,0
2945,-71
2946,0
2947,-71
2948,0
2949,-72
2950,0
2951,-70
2952,0
2953,-70
2954,0
2955,-70
2956,0
2957,-70
2958,0
2959,-70
2960,0
2961,-67
2962,0
2963,-71
2964,0
2965,-69
2966,0
2967,-70
2968,0
2969,-70
2970,0
2971,-68
2972,0
2973,-70
2974,0
2975,-69
2976,0
2977,-69
2978,0
2979,-68
2980,0
2981,-70
2982,0
2983,-70
2984,0
2985,-69
2986,0
2987,-71
2988,0
2989,-68
2990,0
2991,-70
2992,0
2993,-70
2994,0
2995,-70
2996,0
2997,-69
2998,0
2999,-67
3000,0
3001,-70
3002,0
3003,-70
3004,0
3005,-71
3006,0
3007,-69
3008,0
3009,-70
3010,0
3011,-71
3012,0
3013,-70
3014,0
3015,-70
3016,0
3017,-68
3018,0
3019,-71
3020,0
3021,-71
3022,0
3023,-70
3024,0
3025,-69
3026,0
3027,-69
3028,0
3029,-71
3030,0
3031,-71
3032,0
3033,-70
3034,0
3035,-68
3036,0
3037,-72
3038,0
3039,-69
3040,0
3041,-69
3042,0
3043,-70
3044,0
3045,-68
3046,0
3047,-69
3048,0
3049,-69
3050,0
3051,-71
3052,0
3053,-69
3054,0
3055,-69
3056,0
3057,-68
3058,0
3059,-70
3060,0
3061,-69
3062,0
3063,-67
3064,0
3065,-70
3066,0
3067,-70
3068,0
3069,-69
3070,0
3071,-69
3072,0
3073,-67
3074,0
3075,-69
3076,0
3077,-71
3078,0
3079,-69
3080,0
3081,-70
3082,0
3083,-70
3084,0
3085,-71
3086,0
3087,-69
3088,0
3089,-70
3090,0
3091,-69
3092,0
3093,-71
3094,0
3095,-70
3096,0
3097,-68
3098,0
3099,-70
3100,0
3101,-69
3102,0
3103,-71
3104,0
3105,-70
3106,0
3107,-69
3108,0
3109,-69
3110,0
3111,-69
3112,0
3113,-69
3114,0
3115,-70
3116,0
3117,-70
3118,0
3119,-69
3120,0
3121,-69
3122,0
3123,-71
3124,0
3125,-69
3126,0
3127,-68
3128,0
3129,-69
3130,0
3131,-70
3132,0
3133,-71
3134,0
3135,-69
3136,0
3137,-68
3138,0
3139,-69
3140,0
3141,-70
3142,0
3143,-69
3144,0
3145,-69
3146,0
3147,-68
3148,0
3149,-72
3150,0
3151,-71
3152,0
3153,-69
3154,0
3155,-70
3156,0
3157,-69
3158,0
3159,-70
3160,0
3161,-72
3162,0
3163,-68
3164,0
3165,-70
3166,0
3167,-72
3168,0
3169,-71
3170,0
3171,-71
3172,0
3173,-73
3174,0
3175,-69
3176,0
3177,-73
3178,0
3179,-73
3180,0
3181,-71
3182,0
3183,-73
3184,0
3185,-71
3186,0
3187,-72
3188,0
3189,-72
3190,0
3191,-69
3192,0
3193,-71
3194,0
3195,-72
3196,0
3197,-72
3198,0
3199,-70
3200,0
3201,-70
3202,0
3203,-71
3204,0
3205,-71
3206,0
3207,-71
3208,0
3209,-68
3210,0
3211,-70
3212,0
3213,-71
3214,0
3215,-71
3216,0
3217,-71
3218,0
3219,-70
3220,0
3221,-72
3222,0
3223,-73
3224,0
3225,-71
3226,0
3227,-70
3228,0
3229,-71
3230,0
3231,-70
3232,0
3233,-72
3234,0
3235,-71
3236,0
3237,-71
3238,0
3239,-72
3240,0
3241,-71
3242,0
3243,-71
3244,0
3245,-72
3246,0
3247,-69
3248,0
3249,-70
3250,0
3251,-70
3252,0
3253,-70
3254,0
3255,-69
3256,0
3257,-68
3258,0
3259,-69
3260,0
3261,-70
3262,0
3263,-69
3264,0
3265,-67
3266,0
3267,-70
3268,0
3269,-70
3270,0
3271,-70
3272,0
3273,-71
3274,0
3275,-68
3276,0
3277,-70
3278,0
3279,-71
3280,0
3281,-71
3282,0
3283,-70
3284,0
3285,-70
3286,0
3287,-70
3288,0
3289,-70
3290,0
3291,-70
3292,0
3293,-70
3294,0
3295,-72
3296,0
3297,-70
3298,0
3299,-71
3300,0
3301,-72
3302,0
3303,-69
3304,0
3305,-70
3306,0
3307,-71
3308,0
3309,-70
3310,0
3311,-71
3312,0
3313,-71
3314,0
3315,-71
3316,0
3317,-72
3318,0
3319,-70
3320,0
3321,-69
3322,0
3323,-72
3324,0
3325,-71
3326,0
3327,-72
3328,0
3329,-70
3330,0
3331,-70
3332,0
3333,-72
3334,0
3335,-72
3336,0
3337,-70
3338,0
3339,-72
3340,0
3341,-72
3342,0
3343,-73
3344,0
3345,-71
3346,0
3347,-71
3348,0
3349,-70
3350,0
3351,-71
3352,0
3353,-71
3354,0
3355,-71
3356,0
3357,-71
3358,0
3359,-68
3360,0
3361,-70
3362,0
3363,-70
3364,0
3365,-69
3366,0
3367,-69
3368,0
3369,-68
3370,0
3371,-69
3372,0
3373,-69
3374,0
3375,-68
3376,0
3377,-68
3378,0
3379,-69
3380,0
3381,-70
3382,0
3383,-68
3384,0
3385,-67
3386,0
3387,-68
3388,0
3389,-70
3390,0
3391,-69
3392,0
3393,-68
3394,0
3395,-68
3396,0
3397,-70
3398,0
3399,-69
3400,0
3401,-67
3402,0
3403,-67
3404,0
3405,-69
3406,0
3407,-70
3408,0
3409,-69
3410,0
3411,-68
3412,0
3413,-71
3414,0
3415,-70
3416,0
3417,-70
3418,0
3419,-70
3420,0
3421,-69
3422,0
3423,-70
3424,0
3425,-70
3426,0
3427,-71
3428,0
3429,-70
3430,0
3431,-71
3432,0
3433,-69
3434,0
3435,-72
3436,0
3437,-73
3438,0
3439,-69
3440,0
3441,-69
3442,0
3443,-71
3444,0
3445,-72
3446,0
3447,-72
3448,0
3449,-69
3450,0
3451,-70
3452,0
3453,-71
3454,0
3455,-70
3456,0
3457,-68
3458,0
3459,-69
3460,0
3461,-69
3462,0
3463,-71
3464,0
3465,-70
3466,0
3467,-68
3468,0
3469,-71
3470,0
3471,-69
3472,0
3473,-69
3474,0
3475,-69
3476,0
3477,-68
3478,0
3479,-70
3480,0
3481,-70
3482,0
3483,-70
3484,0
3485,-70
3486,0
3487,-70
3488,0
3489,-69
3490,0
3491,-73
3492,0
3493,-71
3494,0
3495,-69
3496,0
3497,-70
3498,0
3499,-70
3500,0
3501,-71
3502,0
3503,-70
3504,0
3505,-69
3506,0
3507,-72
3508,0
3509,-71
3510,0
3511,-68
3512,0
3513,-69
3514,0
3515,-69
3516,0
3517,-70
3518,0
3519,-70
3520,0
3521,-70
3522,0
3523,-68
3524,0
3525,-70
3526,0
3527,-70
3528,0
3529,-70
3530,0
3531,-69
3532,0
3533,-69
3534,0
3535,-69
3536,0
3537,-70
3538,0
3539,-67
3540,0
3541,-69
3542,0
3543,-69
3544,0
3545,-68
3546,0
3547,-70
3548,0
3549,-70
3550,0
3551,-67
3552,0
3553,-70
3554,0
3555,-68
3556,0
3557,-69
3558,0
3559,-69
3560,0
3561,-67
3562,0
3563,-70
3564,0
3565,-69
3566,0
3567,-68
3568,0
3569,-68
3570,0
3571,-69
3572,0
3573,-69
3574,0
3575,-69
3576,0
3577,-69
3578,0
3579,-67
3580,0
3581,-71
3582,0
3583,-69
3584,0
3585,-67
3586,0
3587,-67
3588,0
3589,-67
3590,0
3591,-69
3592,0
3593,-68
3594,0
3595,-66
3596,0
3597,-67
3598,0
3599,-68
3600,0
3601,-66
3602,0
3603,-68
3604,0
3605,-68
3606,0
3607,-67
3608,0
3609,-68
3610,0
3611,-67
3612,0
3613,-67
3614,0
3615,-68
3616,0
3617,-67
3618,0
3619,-69
3620,0
3621,-69
3622,0
3623,-68
3624,0
3625,-68
3626,0
3627,-69
3628,0
3629,-70
3630,0
3631,-69
3632,0
3633,-67
3634,0
3635,-67
3636,0
3637,-70
3638,0
3639,-69
3640,0
3641,-67
3642,0
3643,-69
3644,0
3645,-70
3646,0
3647,-69
3648,0
3649,-69
3650,0
3651,-67
3652,0
3653,-70
3654,0
3655,-69
3656,0
3657,-69
3658,0
3659,-69
3660,0
3661,-69
3662,0
3663,-69
3664,0
3665,-70
3666,0
3667,-69
3668,0
3669,-69
3670,0
3671,-69
3672,0
3673,-69
3674,0
3675,-71
3676,0
3677,-70
3678,0
3679,-68
3680,0
3681,-69
3682,0
3683,-70
3684,0
3685,-70
3686,0
3687,-71
3688,0
3689,-68
3690,0
3691,-69
3692,0
3693,-71
3694,0
3695,-69
3696,0
3697,-68
3698,0
3699,-70
3700,0
3701,-70
3702,0
3703,-70
3704,0
3705,-68
3706,0
3707,-69
3708,0
3709,-71
3710,0
3711,-71
3712,0
3713,-70
3714,0
3715,-69
3716,0
3717,-70
3718,0
3719,-70
3720,0
3721,-71
3722,0
3723,-71
3724,0
3725,-69
3726,0
3727,-70
3728,0
3729,-70
3730,0
3731,-71
3732,0
3733,-69
3734,0
3735,-68
3736,0
3737,-69
3738,0
3739,-71
3740,0
3741,-70
3742,0
3743,-68
3744,0
3745,-69
3746,0
3747,-68
3748,0
3749,-69
3750,0
3751,-69
3752,0
3753,-67
3754,0
3755,-70
3756,0
3757,-69
3758,0
3759,-67
3760,0
3761,-67
3762,0
3763,-67
3764,0
3765,-69
3766,0
3767,-69
3768,0
3769,-68
3770,0
3771,-67
3772,0
3773,-68
3774,0
3775,-69
3776,0
3777,-69
3778,0
3779,-69
3780,0
3781,-68
3782,0
3783,-69
3784,0
3785,-69
3786,0
3787,-70
3788,0
3789,-66
3790,0
3791,-67
3792,0
3793,-70
3794,0
3795,-69
3796,0
3797,-68
3798,0
3799,-68
3800,0
3801,-67
3802,0
3803,-68
3804,0
3805,-68
3806,0
3807,-68
3808,0
3809,-68
3810,0
3811,-70
3812,0
3813,-68
3814,0
3815,-68
3816,0
3817,-67
3818,0
3819,-67
3820,0
3821,-69
3822,0
3823,-69
3824,0
3825,-68
3826,0
3827,-68
3828,0
3829,-69
3830,0
3831,-70
3832,0
3833,-69
3834,0
3835,-68
3836,0
3837,-69
3838,0
3839,-69
3840,0
3841,-68
3842,0
3843,-67
3844,0
3845,-68
3846,0
3847,-67
3848,0
3849,-68
3850,0
3851,-68
3852,0
3853,-66
3854,0
3855,-66
3856,0
3857,-68
3858,0
3859,-67
3860,0
3861,-66
3862,0
3863,-66
3864,0
3865,-66
3866,0
3867,-69
3868,0
3869,-67
3870,0
3871,-66
3872,0
3873,-67
3874,0
3875,-66
3876,0
3877,-68
3878,0
3879,-67
3880,0
3881,-65
3882,0
3883,-67
3884,0
3885,-66
3886,0
3887,-67
3888,0
3889,-65
3890,0
3891,-67
3892,0
3893,-67
3894,0
3895,-67
3896,0
3897,-67
3898,0
3899,-66
3900,0
3901,-66
3902,0
3903,-67
3904,0
3905,-66
3906,0
3907,-66
3908,0
3909,-65
3910,0
3911,-67
3912,0
3913,-67
3914,0
3915,-66
3916,0
3917,-65
3918,0
3919,-66
3920,0
3921,-66
3922,0
3923,-68
3924,0
3925,-67
3926,0
3927,-65
3928,0
3929,-67
3930,0
3931,-67
3932,0
3933,-69
3934,0
3935,-68
3936,0
3937,-66
3938,0
3939,-68
3940,0
3941,-68
3942,0
3943,-68
3944,0
3945,-68
3946,0
3947,-67
3948,0
3949,-68
3950,0
3951,-68
3952,0
3953,-69
3954,0
3955,-67
3956,0
3957,-68
3958,0
3959,-68
3960,0
3961,-67
3962,0
3963,-67
3964,0
3965,-66
3966,0
3967,-67
3968,0
3969,-67
3970,0
3971,-65
3972,0
3973,-66
3974,0
3975,-67
3976,0
3977,-66
3978,0
3979,-67
3980,0
3981,-66
3982,0
3983,-66
3984,0
3985,-66
3986,0
3987,-67
3988,0
3989,-66
3990,0
3991,-66
3992,0
3993,-65
3994,0
3995,-67
3996,0
3997,-67
3998,0
3999,-67
4000,0
4001,-67
4002,0
4003,-68
4004,0
4005,-68
4006,0
4007,-68
4008,0
4009,-66
4010,0
4011,-66
4012,0
4013,-66
4014,0
4015,-68
4016,0
4017,-67
4018,0
4019,-66
4020,0
4021,-65
4022,0
4023,-67
4024,0
4025,-67
4026,0
4027,-65
4028,0
4029,-65
4030,0
4031,-67
4032,0
4033,-68
4034,0
4035,-67
4036,0
4037,-65
4038,0
4039,-67
4040,0
4041,-68
4042,0
4043,-67
4044,0
4045,-66
4046,0
4047,-67
4048,0
4049,-66
4050,0
4051,-68
4052,0
4053,-67
4054,0
4055,-67
4056,0
4057,-66
4058,0
4059,-67
4060,0
4061,-68
4062,0
4063,-66
4064,0
4065,-65
4066,0
4067,-65
4068,0
4069,-67
4070,0
4071,-68
4072,0
4073,-66
4074,0
4075,-67
4076,0
4077,-66
4078,0
4079,-68
4080,0
4081,-66
4082,0
4083,-65
4084,0
4085,-66
4086,0
4087,-66
4088,0
4089,-67
4090,0
4091,-64
4092,0
4093,-65
4094,0
4095,-66
4096,0
4097,-67
4098,0
4099,-67
4100,0
4101,-66
4102,0
4103,-67
4104,0
4105,-67
4106,0
4107,-67
4108,0
4109,-65
4110,0
4111,-66
4112,0
4113,-68
4114,0
4115,-68
4116,0
4117,-68
4118,0
4119,-65
4120,0
4121,-67
4122,0
4123,-68
4124,0
4125,-68
4126,0
4127,-69
4128,0
4129,-67
4130,0
4131,-66
4132,0
4133,-67
4134,0
4135,-67
4136,0
4137,-66
4138,0
4139,-65
4140,0
4141,-66
4142,0
4143,-67
4144,0
4145,-67
4146,0
4147,-64
4148,0
4149,-66
4150,0
4151,-67
4152,0
4153,-68
4154,0
4155,-66
4156,0
4157,-64
4158,0
4159,-65
4160,0
4161,-67
4162,0
4163,-65
4164,0
4165,-65
4166,0
4167,-63
4168,0
4169,-67
4170,0
4171,-66
4172,0
4173,-65
4174,0
4175,-64
4176,0
4177,-65
4178,0
4179,-66
4180,0
4181,-65
4182,0
4183,-65
4184,0
4185,-64
4186,0
4187,-65
4188,0
4189,-65
4190,0
4191,-66
4192,0
4193,-65
4194,0
4195,-65
4196,0
4197,-66
4198,0
4199,-67
4200,0
4201,-66
4202,0
4203,-64
4204,0
4205,-66
4206,0
4207,-68
4208,0
4209,-67
4210,0
4211,-65
4212,0
4213,-64
4214,0
4215,-66
4216,0
4217,-67
4218,0
4219,-65
4220,0
4221,-65
4222,0
4223,-65
4224,0
4225,-67
4226,0
4227,-67
4228,0
4229,-65
4230,0
4231,-65
4232,0
4233,-65
4234,0
4235,-66
4236,0
4237,-64
4238,0
4239,-65
4240,0
4241,-65
4242,0
4243,-66
4244,0
4245,-65
4246,0
4247,-65
4248,0
4249,-64
4250,0
4251,-66
4252,0
4253,-67
4254,0
4255,-65
4256,0
4257,-64
4258,0
4259,-64
4260,0
4261,-66
4262,0
4263,-66
4264,0
4265,-65
4266,0
4267,-65
4268,0
4269,-64
4270,0
4271,-67
4272,0
4273,-66
4274,0
4275,-65
4276,0
4277,-64
4278,0
4279,-65
4280,0
4281,-66
4282,0
4283,-65
4284,0
4285,-64
4286,0
4287,-65
4288,0
4289,-66
4290,0
4291,-65
4292,0
4293,-64
4294,0
4295,-65
4296,0
4297,-65
4298,0
4299,-65
4300,0
4301,-65
4302,0
4303,-64
4304,0
4305,-66
4306,0
4307,-65
4308,0
4309,-66
4310,0
4311,-65
4312,0
4313,-63
4314,0
4315,-65
4316,0
4317,-66
4318,0
4319,-66
4320,0
4321,-64
4322,0
4323,-66
4324,0
4325,-64
4326,0
4327,-66
4328,0
4329,-67
4330,0
4331,-63
4332,0
4333,-66
4334,0
4335,-66
4336,0
4337,-66
4338,0
4339,-65
4340,0
4341,-64
4342,0
4343,-65
4344,0
4345,-65
4346,0
4347,-65
4348,0
4349,-65
4350,0
4351,-64
4352,0
4353,-66
4354,0
4355,-65
4356,0
4357,-64
4358,0
4359,-64
4360,0
4361,-66
4362,0
4363,-66
4364,0
4365,-66
4366,0
4367,-65
4368,0
4369,-63
4370,0
4371,-65
4372,0
4373,-66
4374,0
4375,-66
4376,0
4377,-64
4378,0
4379,-64
4380,0
4381,-66
4382,0
4383,-66
4384,0
4385,-64
4386,0
4387,-63
4388,0
4389,-65
4390,0
4391,-65
4392,0
4393,-65
4394,0
4395,-64
4396,0
4397,-64
4398,0
4399,-66
4400,0
4401,-64
4402,0
4403,-64
4404,0
4405,-63
4406,0
4407,-63
4408,0
4409,-63
4410,0
4411,-62
4412,0
4413,-62
4414,0
4415,-62
4416,0
4417,-63
4418,0
4419,-64
4420,0
4421,-63
4422,0
4423,-63
4424,0
4425,-62
4426,0
4427,-64
4428,0
4429,-63
4430,0
4431,-62
4432,0
4433,-63
4434,0
4435,-63
4436,0
4437,-63
4438,0
4439,-62
4440,0
4441,-61
4442,0
4443,-62
4444,0
4445,-63
4446,0
4447,-64
4448,0
4449,-62
4450,0
4451,-61
4452,0
4453,-62
4454,0
4455,-65
4456,0
4457,-64
4458,0
4459,-61
4460,0
4461,-62
4462,0
4463,-63
4464,0
4465,-65
4466,0
4467,-62
4468,0
4469,-64
4470,0
4471,-64
4472,0
4473,-63
4474,0
4475,-64
4476,0
4477,-62
4478,0
4479,-63
4480,0
4481,-63
4482,0
4483,-64
4484,0
4485,-63
4486,0
4487,-63
4488,0
4489,-64
4490,0
4491,-65
4492,0
4493,-64
4494,0
4495,-63
4496,0
4497,-63
4498,0
4499,-63
4500,0
4501,-65
4502,0
4503,-64
4504,0
4505,-62
4506,0
4507,-62
4508,0
4509,-61
4510,0
4511,-65
4512,0
4513,-63
4514,0
4515,-63
4516,0
4517,-62
4518,0
4519,-65
4520,0
4521,-63
4522,0
4523,-61
4524,0
4525,-64
4526,0
4527,-63
4528,0
4529,-65
4530,0
4531,-64
4532,0
4533,-62
4534,0
4535,-63
4536,0
4537,-64
4538,0
4539,-63
4540,0
4541,-61
4542,0
4543,-63
4544,0
4545,-63
4546,0
4547,-64
4548,0
4549,-63
4550,0
4551,-62
4552,0
4553,-63
4554,0
4555,-62
4556,0
4557,-63
4558,0
4559,-61
4560,0
4561,-61
4562,0
4563,-61
4564,0
4565,-61
4566,0
4567,-63
4568,0
4569,-63
4570,0
4571,-62
4572,0
4573,-62
4574,0
4575,-62
4576,0
4577,-64
4578,0
4579,-60
4580,0
4581,-62
4582,0
4583,-63
4584,0
4585,-64
4586,0
4587,-62
4588,0
4589,-60
4590,0
4591,-62
4592,0
4593,-64
4594,0
4595,-62
4596,0
4597,-60
4598,0
4599,-63
4600,0
4601,-63
4602,0
4603,-62
4604,0
4605,-63
4606,0
4607,-61
4608,0
4609,-62
4610,0
4611,-62
4612,0
4613,-63
4614,0
4615,-62
4616,0
4617,-63
4618,0
4619,-62
4620,0
4621,-62
4622,0
4623,-62
4624,0
4625,-62
4626,0
4627,-63
4628,0
4629,-63
4630,0
4631,-62
4632,0
4633,-63
4634,0
4635,-61
4636,0
4637,-63
4638,0
4639,-64
4640,0
4641,-63
4642,0
4643,-61
4644,0
4645,-60
4646,0
4647,-63
4648,0
4649,-63
4650,0
4651,-62
4652,0
4653,-62
4654,0
4655,-62
4656,0
4657,-65
4658,0
4659,-63
4660,0
4661,-62
4662,0
4663,-61
4664,0
4665,-62
4666,0
4667,-63
4668,0
4669,-61
4670,0
4671,-62
4672,0
4673,-61
4674,0
4675,-62
4676,0
4677,-62
4678,0
4679,-61
4680,0
4681,-63
4682,0
4683,-62
4684,0
4685,-63
4686,0
4687,-61
4688,0
4689,-61
4690,0
4691,-61
4692,0
4693,-61
4694,0
4695,-63
4696,0
4697,-60
4698,0
4699,-60
4700,0
4701,-59
4702,0
4703,-62
4704,0
4705,-62
4706,0
4707,-60
4708,0
4709,-60
4710,0
4711,-62
4712,0
4713,-62
4714,0
4715,-60
4716,0
4717,-60
4718,0
4719,-61
4720,0
4721,-61
4722,0
4723,-61
4724,0
4725,-60
4726,0
4727,-61
4728,0
4729,-61
4730,0
4731,-62
4732,0
4733,-61
4734,0
4735,-61
4736,0
4737,-62
4738,0
4739,-63
4740,0
4741,-64
4742,0
4743,-62
4744,0
4745,-63
4746,0
4747,-64
4748,0
4749,-63
4750,0
4751,-64
4752,0
4753,-63
4754,0
4755,-62
4756,0
4757,-62
4758,0
4759,-65
4760,0
4761,-64
4762,0
4763,-61
4764,0
4765,-62
4766,0
4767,-63
4768,0
4769,-64
4770,0
4771,-61
4772,0
4773,-61
4774,0
4775,-63
4776,0
4777,-63
4778,0
4779,-61
4780,0
4781,-61
4782,0
4783,-62
4784,0
4785,-62
4786,0
4787,-62
4788,0
4789,-60
4790,0
4791,-60
4792,0
4793,-63
4794,0
4795,-62
4796,0
4797,-60
4798,0
4799,-60
4800,0
4801,-60
4802,0
4803,-60
4804,0
4805,-61
4806,0
4807,-61
4808,0
4809,-60
4810,0
4811,-58
4812,0
4813,-60
4814,0
4815,-60
4816,0
4817,-60
4818,0
4819,-58
4820,0
4821,-59
4822,0
4823,-60
4824,0
4825,-60
4826,0
4827,-58
4828,0
4829,-58
4830,0
4831,-61
4832,0
4833,-60
4834,0
4835,-60
4836,0
4837,-59
4838,0
4839,-61
4840,0
4841,-60
4842,0
4843,-59
4844,0
4845,-60
4846,0
4847,-59
4848,0
4849,-62
4850,0
4851,-61
4852,0
4853,-61
4854,0
4855,-61
4856,0
4857,-62
4858,0
4859,-63
4860,0
4861,-63
4862,0
4863,-63
4864,0
4865,-62
4866,0
4867,-62
4868,0
4869,-63
4870,0
4871,-62
4872,0
4873,-63
4874,0
4875,-62
4876,0
4877,-63
4878,0
4879,-62
4880,0
4881,-62
4882,0
4883,-60
4884,0
4885,-61
4886,0
4887,-63
4888,0
4889,-61
4890,0
4891,-60
4892,0
4893,-60
4894,0
4895,-61
4896,0
4897,-60
4898,0
4899,-59
4900,0
4901,-59
4902,0
4903,-60
4904,0
4905,-60
4906,0
4907,-58
4908,0
4909,-58
4910,0
4911,-58
4912,0
4913,-59
4914,0
4915,-60
4916,0
4917,-59
4918,0
4919,-58
4920,0
4921,-60
4922,0
4923,-59
4924,0
4925,-58
4926,0
4927,-58
4928,0
4929,-59
4930,0
4931,-59
4932,0
4933,-61
4934,0
4935,-60
4936,0
4937,-60
4938,0
4939,-59
4940,0
4941,-59
4942,0
4943,-61
4944,0
4945,-59
4946,0
4947,-59
4948,0
4949,-59
4950,0
4951,-59
4952,0
4953,-60
4954,0
4955,-57
4956,0
4957,-59
4958,0
4959,-59
4960,0
4961,-61
4962,0
4963,-59
4964,0
4965,-59
4966,0
4967,-58
4968,0
4969,-60
4970,0
4971,-61
4972,0
4973,-59
4974,0
4975,-59
4976,0
4977,-61
4978,0
4979,-60
4980,0
4981,-59
4982,0
4983,-58
4984,0
4985,-60
4986,0
4987,-60
4988,0
4989,-59
4990,0
4991,-59
4992,0
4993,-58
4994,0
4995,-60
4996,0
4997,-60
4998,0
4999,-60
